application_type,date,planning_district,decision
MV,2011-02-23,North York,Approval
MV,2011-11-04,North York,Approval
CO,2013-04-03,North York,Refuse
MV,2013-05-08,Scarborough,Refuse
CO,2013-05-15,Toronto East York,Refuse
MV,2013-05-15,Toronto East York,Refuse
MV,2013-05-15,Toronto East York,Refuse
MV,2013-06-21,North York,Refuse
MV,2013-07-17,North York,Approval
MV,2013-10-21,North York,Approval
CO,2013-10-22,North York,Refuse
CO,2013-10-28,North York,Refuse
CO,2014-02-27,North York,Refuse
MV,2014-03-25,North York,Refuse
MV,2014-03-25,North York,Refuse
MV,2014-03-25,North York,Refuse
MV,2014-04-11,Etobicoke York,Approval
MV,2014-04-16,North York,Refuse
CO,2014-04-23,Etobicoke York,Approval
MV,2014-04-28,Toronto East York,Refuse
MV,2014-05-28,Toronto East York,Refuse
MV,2014-05-29,North York,Refuse
CO,2014-06-02,Etobicoke York,Approval
MV,2014-07-16,North York,Refuse
MV,2014-08-01,North York,Refuse
CO,2014-08-05,Etobicoke York,Approval
CO,2014-11-05,North York,Approval
MV,2014-11-05,North York,Approval
MV,2014-11-05,North York,Approval
MV,2014-11-10,North York,Refuse
MV,2014-11-13,North York,Refuse
MV,2014-11-26,North York,Approval
MV,2014-12-10,North York,Approval
MV,2014-12-15,North York,Refuse
MV,2014-12-17,North York,Approval
MV,2014-12-22,Etobicoke York,Approval
CO,2014-12-23,North York,Approval
CO,2014-12-23,North York,Approval
MV,2014-12-31,North York,Approval
MV,2015-01-19,North York,Refuse
CO,2015-01-19,North York,Refuse
CO,2015-02-05,Etobicoke York,Refuse
MV,2015-03-03,North York,Approval
CO,2015-03-16,Etobicoke York,Approval
CO,2015-03-30,Scarborough,Approval
MV,2015-03-31,Toronto East York,Approval
MV,2015-04-07,North York,Approval
MV,2015-05-19,North York,Approval
MV,2015-05-20,North York,Refuse
MV,2015-06-02,North York,Refuse
MV,2015-06-02,North York,Approval
MV,2015-06-04,North York,Refuse
MV,2015-06-05,North York,Refuse
MV,2015-06-05,North York,Refuse
MV,2015-06-19,North York,Approval
MV,2015-06-19,North York,Approval
MV,2015-06-19,North York,Approval
MV,2015-06-22,North York,Approval
MV,2015-06-22,North York,Approval
CO,2015-06-25,North York,Approval
MV,2015-06-26,North York,Refuse
MV,2015-07-14,Etobicoke York,Refuse
MV,2015-07-14,North York,Approval
MV,2015-07-16,North York,Approval
MV,2015-07-21,Toronto East York,Refuse
MV,2015-07-31,North York,Refuse
MV,2015-07-31,North York,Refuse
MV,2015-08-17,North York,Refuse
CO,2015-08-18,North York,Approval
CO,2015-08-24,North York,Refuse
MV,2015-08-24,North York,Refuse
MV,2015-08-24,North York,Refuse
CO,2015-08-24,North York,Refuse
MV,2015-09-11,North York,Refuse
CO,2015-09-16,North York,Approval
MV,2015-09-16,North York,Approval
MV,2015-09-16,North York,Approval
MV,2015-09-16,North York,Refuse
MV,2015-09-22,Toronto East York,Refuse
MV,2015-09-24,Toronto East York,Refuse
MV,2015-09-30,Toronto East York,Refuse
CO,2015-10-02,North York,Approval
CO,2015-10-19,Scarborough,Refuse
MV,2015-10-27,North York,Approval
MV,2015-10-28,Toronto East York,Refuse
MV,2015-10-28,North York,Approval
MV,2015-10-29,North York,Approval
MV,2015-11-05,North York,Approval
CO,2015-11-13,Etobicoke York,Approval
MV,2015-11-23,Toronto East York,Refuse
MV,2015-11-27,North York,Approval
MV,2015-11-27,North York,Approval
CO,2015-12-01,Etobicoke York,Approval
MV,2015-12-02,North York,Approval
MV,2015-12-02,North York,Refuse
MV,2015-12-08,North York,Approval
MV,2015-12-08,North York,Approval
CO,2015-12-08,Etobicoke York,Approval
MV,2015-12-09,North York,Approval
CO,2015-12-10,North York,Refuse
MV,2015-12-10,North York,Refuse
MV,2015-12-10,North York,Refuse
MV,2015-12-14,North York,Approval
MV,2015-12-17,North York,Approval
MV,2015-12-18,North York,Refuse
MV,2015-12-18,North York,Approval
MV,2015-12-18,North York,Approval
MV,2015-12-18,North York,Approval
MV,2015-12-18,Toronto East York,Refuse
MV,2015-12-18,North York,Approval
MV,2015-12-21,North York,Approval
MV,2015-12-22,North York,Approval
MV,2015-12-23,North York,Approval
MV,2015-12-23,North York,Approval
MV,2015-12-23,North York,Approval
CO,2015-12-23,Etobicoke York,Approval
MV,2015-12-24,North York,Approval
MV,2015-12-29,North York,Approval
MV,2015-12-30,North York,Refuse
CO,2015-12-30,North York,Refuse
MV,2015-12-30,North York,Refuse
MV,2015-12-30,North York,Refuse
MV,2015-12-30,North York,Approval
MV,2015-12-30,North York,Refuse
MV,2015-12-31,North York,Approval
MV,2015-12-31,North York,Refuse
MV,2016-01-04,North York,Refuse
MV,2016-01-06,North York,Approval
MV,2016-01-06,North York,Refuse
MV,2016-01-06,North York,Approval
MV,2016-01-07,North York,Approval
MV,2016-01-07,Toronto East York,Approval
MV,2016-01-07,North York,Approval
MV,2016-01-12,North York,Refuse
MV,2016-01-14,North York,Refuse
CO,2016-01-14,North York,Refuse
MV,2016-01-14,North York,Refuse
MV,2016-01-14,North York,Refuse
MV,2016-01-15,Toronto East York,Approval
MV,2016-01-19,North York,Approval
MV,2016-01-19,North York,Refuse
MV,2016-01-19,North York,Refuse
MV,2016-01-19,North York,Refuse
MV,2016-01-21,North York,Refuse
CO,2016-01-22,Scarborough,Refuse
CO,2016-01-26,Scarborough,Approval
CO,2016-02-05,Etobicoke York,Approval
MV,2016-02-16,North York,Approval
MV,2016-02-16,North York,Approval
MV,2016-02-26,North York,Refuse
MV,2016-02-26,North York,Refuse
MV,2016-03-01,Toronto East York,Approval
CO,2016-03-01,Etobicoke York,Refuse
CO,2016-03-04,Scarborough,Approval
MV,2016-03-09,Toronto East York,Refuse
MV,2016-03-09,Toronto East York,Refuse
MV,2016-03-11,North York,Refuse
CO,2016-03-11,North York,Refuse
MV,2016-03-11,North York,Refuse
CO,2016-03-17,North York,Refuse
CO,2016-03-22,Toronto East York,Approval
MV,2016-03-22,Toronto East York,Approval
MV,2016-03-29,North York,Approval
MV,2016-03-30,Toronto East York,Refuse
MV,2016-04-07,Toronto East York,Approval
MV,2016-04-11,North York,Refuse
MV,2016-04-12,North York,Approval
MV,2016-04-12,North York,Approval
MV,2016-04-12,North York,Approval
MV,2016-04-13,North York,Approval
MV,2016-04-18,North York,Refuse
MV,2016-04-18,North York,Refuse
MV,2016-04-19,North York,Approval
MV,2016-04-22,Scarborough,Refuse
MV,2016-04-22,Toronto East York,Refuse
CO,2016-04-22,Etobicoke York,Approval
MV,2016-04-26,North York,Refuse
MV,2016-04-28,North York,Approval
MV,2016-04-29,North York,Approval
MV,2016-05-09,North York,Refuse
MV,2016-05-09,North York,Approval
MV,2016-05-09,North York,Refuse
MV,2016-05-10,North York,Approval
MV,2016-05-10,North York,Approval
MV,2016-05-12,Toronto East York,Approval
MV,2016-05-16,North York,Refuse
MV,2016-05-17,North York,Refuse
MV,2016-05-17,North York,Refuse
MV,2016-05-20,North York,Refuse
CO,2016-05-25,Scarborough,Approval
MV,2016-05-26,North York,Approval
CO,2016-05-26,North York,Refuse
MV,2016-05-27,North York,Approval
MV,2016-05-27,North York,Approval
MV,2016-05-27,North York,Refuse
MV,2016-05-27,North York,Refuse
MV,2016-05-30,North York,Approval
MV,2016-06-03,North York,Refuse
MV,2016-06-03,Scarborough,Refuse
MV,2016-06-10,North York,Approval
MV,2016-06-10,North York,Approval
MV,2016-06-21,North York,Approval
MV,2016-06-22,Toronto East York,Approval
MV,2016-06-23,Toronto East York,Refuse
MV,2016-06-23,North York,Refuse
MV,2016-06-24,North York,Approval
CO,2016-06-28,Scarborough,Refuse
MV,2016-06-28,Scarborough,Refuse
MV,2016-06-28,Scarborough,Refuse
MV,2016-06-28,Scarborough,Refuse
MV,2016-06-28,Etobicoke York,Approval
CO,2016-06-28,Etobicoke York,Approval
MV,2016-06-28,North York,Approval
MV,2016-06-29,North York,Refuse
MV,2016-06-29,North York,Approval
CO,2016-06-29,Toronto East York,Refuse
MV,2016-07-04,North York,Approval
MV,2016-07-04,Toronto East York,Approval
MV,2016-07-06,North York,Approval
CO,2016-07-06,Scarborough,Refuse
MV,2016-07-06,Scarborough,Refuse
MV,2016-07-08,North York,Refuse
MV,2016-07-08,Scarborough,Refuse
MV,2016-07-08,Scarborough,Refuse
MV,2016-07-11,North York,Approval
MV,2016-07-13,North York,Approval
MV,2016-07-19,North York,Refuse
MV,2016-07-21,North York,Refuse
MV,2016-07-26,North York,Refuse
MV,2016-07-28,North York,Approval
MV,2016-08-03,North York,Approval
MV,2016-08-03,North York,Refuse
MV,2016-08-08,Etobicoke York,Refuse
MV,2016-08-09,North York,Approval
MV,2016-08-11,North York,Refuse
MV,2016-08-18,North York,Refuse
MV,2016-08-19,North York,Refuse
MV,2016-08-23,North York,Approval
MV,2016-08-24,North York,Approval
MV,2016-08-31,North York,Refuse
MV,2016-09-02,North York,Approval
MV,2016-09-02,North York,Approval
MV,2016-09-02,North York,Approval
MV,2016-09-02,North York,Approval
MV,2016-09-02,North York,Approval
MV,2016-09-09,North York,Approval
CO,2016-09-09,North York,Refuse
CO,2016-09-09,North York,Refuse
CO,2016-09-12,Etobicoke York,Approval
MV,2016-09-12,Etobicoke York,Approval
MV,2016-09-13,North York,Refuse
MV,2016-09-15,North York,Approval
MV,2016-09-16,North York,Refuse
MV,2016-09-16,North York,Refuse
MV,2016-09-16,North York,Approval
CO,2016-09-20,Etobicoke York,Approval
MV,2016-09-21,North York,Approval
MV,2016-09-22,North York,Approval
MV,2016-09-28,North York,Approval
MV,2016-09-28,North York,Approval
MV,2016-09-29,North York,Approval
MV,2016-09-29,North York,Approval
MV,2016-09-30,North York,Refuse
MV,2016-10-03,North York,Approval
MV,2016-10-05,North York,Approval
MV,2016-10-06,North York,Approval
MV,2016-10-06,North York,Refuse
MV,2016-10-12,North York,Approval
MV,2016-10-13,North York,Approval
CO,2016-10-14,Scarborough,Approval
MV,2016-10-26,Toronto East York,Approval
CO,2016-10-31,North York,Approval
MV,2016-10-31,North York,Approval
MV,2016-11-01,North York,Refuse
MV,2016-11-02,Toronto East York,Refuse
MV,2016-11-02,North York,Refuse
MV,2016-11-02,North York,Approval
MV,2016-11-04,North York,Refuse
MV,2016-11-07,Toronto East York,Approval
MV,2016-11-07,Toronto East York,Approval
CO,2016-11-07,Scarborough,Refuse
MV,2016-11-07,Scarborough,Refuse
MV,2016-11-07,Scarborough,Refuse
MV,2016-11-08,Toronto East York,Approval
MV,2016-11-09,North York,Refuse
CO,2016-11-10,North York,Refuse
MV,2016-11-10,North York,Refuse
MV,2016-11-10,North York,Refuse
MV,2016-11-10,North York,Refuse
MV,2016-11-10,North York,Approval
MV,2016-11-14,North York,Refuse
MV,2016-11-14,North York,Approval
MV,2016-11-15,Toronto East York,Approval
MV,2016-11-15,Toronto East York,Approval
MV,2016-11-16,North York,Approval
MV,2016-11-18,Toronto East York,Approval
MV,2016-11-22,North York,Approval
MV,2016-11-22,Toronto East York,Approval
MV,2016-11-22,Toronto East York,Refuse
MV,2016-11-23,North York,Approval
MV,2016-11-24,North York,Approval
MV,2016-11-24,Scarborough,Refuse
MV,2016-11-25,North York,Approval
MV,2016-11-25,North York,Approval
MV,2016-11-29,North York,Approval
MV,2016-12-05,Toronto East York,Approval
MV,2016-12-09,North York,Approval
MV,2016-12-12,North York,Refuse
MV,2016-12-15,North York,Refuse
CO,2016-12-15,Scarborough,Refuse
MV,2016-12-15,Scarborough,Refuse
MV,2016-12-15,Scarborough,Refuse
MV,2016-12-16,North York,Approval
CO,2016-12-19,North York,Approval
MV,2016-12-19,North York,Approval
MV,2016-12-19,North York,Approval
MV,2016-12-21,North York,Refuse
MV,2016-12-21,North York,Approval
MV,2016-12-21,Scarborough,Approval
MV,2016-12-22,North York,Refuse
MV,2016-12-28,North York,Refuse
CO,2016-12-29,North York,Refuse
CO,2016-12-29,North York,Approval
MV,2016-12-30,North York,Refuse
MV,2017-01-05,North York,Approval
CO,2017-01-06,North York,Approval
MV,2017-01-06,North York,Refuse
CO,2017-01-10,North York,Refuse
MV,2017-01-12,North York,Approval
MV,2017-01-19,North York,Approval
CO,2017-01-19,Toronto East York,Approval
CO,2017-01-23,North York,Approval
MV,2017-01-24,North York,Approval
MV,2017-01-25,North York,Approval
MV,2017-01-25,North York,Approval
MV,2017-01-25,North York,Refuse
MV,2017-01-26,North York,Approval
MV,2017-01-26,North York,Approval
MV,2017-01-26,Etobicoke York,Approval
MV,2017-01-26,North York,Approval
MV,2017-01-27,Toronto East York,Refuse
MV,2017-01-27,North York,Refuse
MV,2017-01-30,Etobicoke York,Approval
MV,2017-01-30,North York,Approval
MV,2017-01-31,North York,Approval
MV,2017-01-31,Toronto East York,Refuse
MV,2017-02-02,Etobicoke York,Approval
MV,2017-02-03,North York,Refuse
MV,2017-02-03,North York,Approval
MV,2017-02-07,North York,Approval
MV,2017-02-07,Etobicoke York,Approval
MV,2017-02-08,North York,Approval
MV,2017-02-09,North York,Approval
MV,2017-02-10,North York,Approval
MV,2017-02-10,North York,Refuse
MV,2017-02-13,North York,Approval
MV,2017-02-13,Toronto East York,Approval
MV,2017-02-13,Etobicoke York,Approval
MV,2017-02-14,Etobicoke York,Approval
MV,2017-02-17,Etobicoke York,Approval
CO,2017-02-17,North York,Refuse
MV,2017-02-17,North York,Approval
MV,2017-02-21,North York,Approval
CO,2017-02-22,Etobicoke York,Approval
MV,2017-02-24,North York,Refuse
MV,2017-02-24,Scarborough,Approval
MV,2017-02-24,North York,Approval
MV,2017-02-27,Toronto East York,Refuse
MV,2017-02-27,North York,Approval
MV,2017-02-27,North York,Approval
CO,2017-02-27,North York,Refuse
MV,2017-02-27,North York,Refuse
MV,2017-02-27,North York,Refuse
MV,2017-02-28,North York,Refuse
MV,2017-02-28,North York,Refuse
MV,2017-02-28,North York,Refuse
CO,2017-03-02,North York,Approval
MV,2017-03-02,North York,Approval
MV,2017-03-03,Toronto East York,Approval
MV,2017-03-03,North York,Approval
MV,2017-03-06,Etobicoke York,Approval
MV,2017-03-08,North York,Approval
MV,2017-03-08,North York,Approval
MV,2017-03-10,North York,Approval
MV,2017-03-10,Etobicoke York,Approval
MV,2017-03-16,North York,Approval
MV,2017-03-20,North York,Approval
MV,2017-03-20,Scarborough,Approval
CO,2017-03-21,North York,Approval
MV,2017-03-23,North York,Approval
MV,2017-03-24,North York,Approval
MV,2017-03-24,North York,Refuse
CO,2017-03-27,North York,Refuse
MV,2017-03-27,North York,Refuse
MV,2017-03-27,North York,Refuse
MV,2017-03-27,North York,Approval
CO,2017-03-28,North York,Refuse
MV,2017-03-28,North York,Approval
MV,2017-03-28,Etobicoke York,Approval
MV,2017-03-29,Toronto East York,Approval
MV,2017-03-30,North York,Refuse
MV,2017-03-30,North York,Approval
MV,2017-03-31,Toronto East York,Approval
MV,2017-03-31,North York,Approval
MV,2017-04-05,North York,Approval
CO,2017-04-11,Toronto East York,Approval
MV,2017-04-12,North York,Approval
MV,2017-04-18,Toronto East York,Approval
MV,2017-04-18,North York,Approval
CO,2017-04-19,Scarborough,Approval
MV,2017-04-21,North York,Approval
MV,2017-04-26,North York,Approval
MV,2017-04-26,Etobicoke York,Approval
MV,2017-05-04,North York,Refuse
CO,2017-05-05,North York,Approval
MV,2017-05-08,North York,Refuse
MV,2017-05-09,Etobicoke York,Approval
MV,2017-05-09,North York,Refuse
MV,2017-05-11,North York,Refuse
MV,2017-05-11,North York,Refuse
MV,2017-05-15,Etobicoke York,Approval
MV,2017-05-15,North York,Refuse
MV,2017-05-15,North York,Approval
MV,2017-05-25,Etobicoke York,Approval
MV,2017-05-26,Scarborough,Approval
CO,2017-05-29,Toronto East York,Refuse
MV,2017-05-29,Toronto East York,Refuse
CO,2017-05-30,Etobicoke York,Refuse
CO,2017-06-01,Etobicoke York,Approval
MV,2017-06-02,Etobicoke York,Approval
MV,2017-06-05,Toronto East York,Refuse
CO,2017-06-06,Etobicoke York,Approval
MV,2017-06-06,North York,Approval
CO,2017-06-12,Etobicoke York,Refuse
CO,2017-06-22,North York,Refuse
CO,2017-06-27,Etobicoke York,Approval
CO,2017-06-29,Etobicoke York,Approval
MV,2017-06-29,Etobicoke York,Approval
MV,2017-06-29,Etobicoke York,Approval
CO,2017-06-29,Etobicoke York,Approval
MV,2017-06-30,North York,Approval
MV,2017-07-04,North York,Approval
MV,2017-07-04,North York,Approval
MV,2017-07-05,North York,Approval
MV,2017-07-10,North York,Approval
CO,2017-07-11,Scarborough,Approval
MV,2017-07-13,North York,Approval
MV,2017-07-14,Toronto East York,Refuse
CO,2017-07-24,Scarborough,Refuse
MV,2017-08-03,North York,Approval
MV,2017-08-04,North York,Approval
MV,2017-08-04,North York,Approval
CO,2017-08-09,Scarborough,Approval
MV,2017-08-11,North York,Approval
MV,2017-08-15,North York,Approval
MV,2017-08-17,Etobicoke York,Approval
MV,2017-08-17,North York,Approval
MV,2017-08-17,North York,Approval
MV,2017-08-18,North York,Approval
MV,2017-08-19,North York,Approval
MV,2017-08-22,North York,Approval
MV,2017-08-29,North York,Approval
MV,2017-08-29,North York,Approval
MV,2017-08-30,North York,Approval
MV,2017-09-02,North York,Approval
CO,2017-09-06,Etobicoke York,Refuse
MV,2017-09-07,North York,Approval
CO,2017-09-07,Toronto East York,Refuse
MV,2017-09-07,Toronto East York,Refuse
MV,2017-09-14,North York,Approval
MV,2017-09-19,North York,Approval
MV,2017-09-20,Scarborough,Approval
CO,2017-09-21,North York,Refuse
MV,2017-09-21,North York,Approval
MV,2017-09-25,North York,Approval
MV,2017-09-27,Toronto East York,Refuse
CO,2017-09-29,North York,Approval
CO,2017-10-03,Toronto East York,Approval
MV,2017-10-05,Etobicoke York,Refuse
CO,2017-10-11,Etobicoke York,Approval
CO,2017-10-11,North York,Approval
MV,2017-10-17,North York,Approval
CO,2017-10-17,North York,Refuse
CO,2017-10-17,Toronto East York,Refuse
CO,2017-10-19,Etobicoke York,Refuse
CO,2017-10-23,Etobicoke York,Approval
CO,2017-10-27,North York,Approval
MV,2017-10-31,Toronto East York,Refuse
CO,2017-11-06,North York,Refuse
MV,2017-11-06,North York,Refuse
MV,2017-11-06,North York,Refuse
CO,2017-11-13,Etobicoke York,Approval
MV,2017-11-20,North York,Approval
MV,2017-11-23,Toronto East York,Approval
CO,2017-11-28,Scarborough,Approval
CO,2017-11-28,Etobicoke York,Approval
CO,2017-11-30,North York,Refuse
MV,2017-11-30,North York,Approval
CO,2017-12-18,North York,Refuse
CO,2017-12-18,North York,Refuse
CO,2017-12-27,Etobicoke York,Refuse
CO,2018-01-09,Etobicoke York,Refuse
MV,2018-01-09,Etobicoke York,Refuse
CO,2018-01-10,Toronto East York,Refuse
CO,2018-01-10,Etobicoke York,Approval
MV,2018-01-22,Toronto East York,Refuse
CO,2018-01-24,Toronto East York,Approval
MV,2018-01-26,Toronto East York,Approval
MV,2018-02-01,North York,Approval
CO,2018-02-02,Toronto East York,Approval
CO,2018-02-06,Etobicoke York,Approval
CO,2018-02-14,Etobicoke York,Approval
CO,2018-02-22,Etobicoke York,Refuse
CO,2018-03-13,North York,Approval
CO,2018-03-13,North York,Approval
CO,2018-03-15,Etobicoke York,Approval
MV,2018-03-15,Etobicoke York,Approval
MV,2018-03-15,Etobicoke York,Approval
CO,2018-03-16,Etobicoke York,Refuse
CO,2018-03-19,North York,Refuse
MV,2018-03-21,North York,Approval
CO,2018-03-23,North York,Refuse
CO,2018-03-23,North York,Refuse
MV,2018-03-29,North York,Refuse
MV,2018-03-29,Etobicoke York,Refuse
CO,2018-04-03,North York,Approval
CO,2018-04-06,North York,Refuse
CO,2018-04-09,Etobicoke York,Refuse
CO,2018-04-12,Scarborough,Approval
CO,2018-04-19,Scarborough,Refuse
MV,2018-05-02,North York,Approval
CO,2018-05-22,Etobicoke York,Approval
MV,2018-05-30,North York,Approval
MV,2018-06-04,North York,Approval
MV,2018-06-05,North York,Approval
MV,2018-06-05,North York,Approval
CO,2018-06-05,North York,Approval
CO,2018-06-06,Toronto East York,Approval
MV,2018-06-06,Etobicoke York,Approval
MV,2018-06-06,North York,Approval
MV,2018-06-12,North York,Approval
MV,2018-06-12,Toronto East York,Approval
MV,2018-06-13,North York,Refuse
MV,2018-06-14,North York,Approval
MV,2018-06-15,North York,Approval
MV,2018-06-18,North York,Approval
MV,2018-06-19,North York,Approval
CO,2018-06-20,Scarborough,Approval
MV,2018-06-20,North York,Approval
MV,2018-06-21,North York,Approval
MV,2018-06-21,North York,Approval
MV,2018-06-25,North York,Approval
CO,2018-06-25,Etobicoke York,Refuse
MV,2018-06-25,North York,Approval
MV,2018-06-25,North York,Approval
MV,2018-06-25,North York,Approval
MV,2018-06-26,North York,Approval
MV,2018-06-27,North York,Approval
MV,2018-06-27,North York,Approval
MV,2018-06-28,North York,Approval
MV,2018-06-28,North York,Approval
MV,2018-06-29,North York,Approval
MV,2018-06-29,North York,Approval
MV,2018-07-03,North York,Approval
MV,2018-07-03,North York,Approval
MV,2018-07-04,North York,Approval
MV,2018-07-04,North York,Approval
MV,2018-07-04,North York,Approval
MV,2018-07-04,North York,Refuse
MV,2018-07-04,North York,Refuse
MV,2018-07-04,Etobicoke York,Refuse
MV,2018-07-05,North York,Approval
MV,2018-07-06,Toronto East York,Approval
MV,2018-07-06,North York,Approval
MV,2018-07-06,North York,Approval
MV,2018-07-06,North York,Approval
MV,2018-07-09,North York,Approval
MV,2018-07-11,Toronto East York,Refuse
MV,2018-07-11,Toronto East York,Refuse
MV,2018-07-13,North York,Approval
MV,2018-07-17,North York,Approval
MV,2018-07-18,North York,Approval
CO,2018-08-08,Etobicoke York,Approval
CO,2018-08-13,North York,Approval
CO,2018-08-16,North York,Approval
CO,2018-08-22,Toronto East York,Approval
MV,2018-09-06,North York,Approval
MV,2018-09-07,Etobicoke York,Approval
CO,2018-09-11,North York,Approval
MV,2018-09-11,North York,Approval
MV,2018-09-12,North York,Approval
CO,2018-09-17,North York,Approval
CO,2018-10-12,North York,Refuse
MV,2018-10-12,North York,Refuse
MV,2018-10-12,North York,Refuse
MV,2018-10-15,North York,Approval
CO,2018-10-19,North York,Approval
MV,2018-11-01,North York,Approval
MV,2018-11-05,North York,Approval
MV,2018-11-06,North York,Approval
MV,2018-11-08,Etobicoke York,Approval
MV,2018-11-08,Etobicoke York,Approval
MV,2018-11-09,North York,Refuse
MV,2018-11-14,North York,Approval
MV,2018-11-16,Toronto East York,Refuse
MV,2018-11-21,North York,Refuse
MV,2018-11-21,North York,Refuse
CO,2018-11-22,North York,Refuse
MV,2018-11-29,North York,Approval
CO,2018-11-29,Scarborough,Approval
MV,2018-12-04,North York,Approval
CO,2018-12-10,Etobicoke York,Approval
MV,2018-12-10,North York,Refuse
MV,2018-12-11,North York,Approval
CO,2018-12-13,Toronto East York,Refuse
CO,2018-12-13,Etobicoke York,Approval
CO,2018-12-19,Scarborough,Approval
MV,2018-12-19,Scarborough,Approval
MV,2018-12-19,Scarborough,Approval
MV,2018-12-20,North York,Approval
MV,2018-12-28,North York,Approval
MV,2019-01-08,North York,Approval
MV,2019-01-14,North York,Approval
CO,2019-02-04,Etobicoke York,Approval
MV,2019-02-06,North York,Approval
CO,2019-02-08,North York,Approval
MV,2019-02-15,North York,Approval
MV,2019-02-26,North York,Approval
MV,2019-02-26,North York,Approval
MV,2019-02-27,Etobicoke York,Refuse
MV,2019-03-06,North York,Approval
CO,2019-03-11,North York,Refuse
MV,2019-03-11,North York,Refuse
MV,2019-03-11,North York,Refuse
MV,2019-03-18,Toronto East York,Approval
CO,2019-04-02,North York,Approval
MV,2019-04-05,North York,Approval
MV,2019-04-15,North York,Approval
CO,2019-04-16,Etobicoke York,Approval
CO,2019-04-16,Etobicoke York,Approval
MV,2019-04-17,North York,Approval
MV,2019-04-17,Toronto East York,Approval
MV,2019-04-18,Etobicoke York,Approval
MV,2019-04-23,Etobicoke York,Approval
CO,2019-04-26,North York,Refuse
MV,2019-04-29,North York,Approval
MV,2019-05-03,North York,Refuse
CO,2019-05-10,Etobicoke York,Approval
MV,2019-05-14,North York,Refuse
MV,2019-05-24,Toronto East York,Refuse
CO,2019-05-27,Etobicoke York,Refuse
CO,2019-05-30,Etobicoke York,Refuse
CO,2019-06-11,Toronto East York,Refuse
MV,2019-06-11,Toronto East York,Refuse
MV,2019-06-11,Toronto East York,Refuse
MV,2019-06-13,Etobicoke York,Approval
CO,2019-06-20,Toronto East York,Approval
MV,2019-06-21,Toronto East York,Approval
CO,2019-06-25,Etobicoke York,Approval
MV,2019-06-26,North York,Refuse
CO,2019-07-05,North York,Refuse
MV,2019-07-05,North York,Refuse
MV,2019-07-05,North York,Refuse
MV,2019-07-08,Scarborough,Approval
MV,2019-07-08,Scarborough,Approval
CO,2019-07-09,North York,Approval
MV,2019-07-09,North York,Approval
CO,2019-07-09,North York,Approval
MV,2019-07-10,North York,Approval
MV,2019-07-11,North York,Approval
CO,2019-07-12,North York,Refuse
MV,2019-07-24,Toronto East York,Refuse
CO,2019-07-26,Etobicoke York,Refuse
MV,2019-07-26,Etobicoke York,Refuse
MV,2019-07-26,Etobicoke York,Refuse
MV,2019-07-26,Etobicoke York,Refuse
CO,2019-07-29,Scarborough,Approval
MV,2019-08-09,North York,Approval
MV,2019-08-13,North York,Approval
MV,2019-08-19,Toronto East York,Approval
MV,2019-08-19,North York,Approval
CO,2019-08-19,Etobicoke York,Approval
CO,2019-08-20,North York,Refuse
MV,2019-08-22,North York,Approval
MV,2019-08-23,Toronto East York,Approval
MV,2019-08-28,Etobicoke York,Approval
MV,2019-09-20,Etobicoke York,Approval
MV,2019-09-20,Etobicoke York,Approval
MV,2019-09-24,North York,Approval
MV,2019-09-24,North York,Approval
MV,2019-09-25,North York,Approval
MV,2019-10-04,Toronto East York,Approval
MV,2019-10-07,Etobicoke York,Refuse
MV,2019-10-08,North York,Approval
MV,2019-10-28,Toronto East York,Refuse
MV,2019-10-30,North York,Refuse
CO,2019-11-14,Etobicoke York,Refuse
MV,2019-11-19,North York,Approval
MV,2019-11-20,Toronto East York,Approval
CO,2019-11-25,Etobicoke York,Refuse
MV,2019-12-02,Toronto East York,Refuse
MV,2019-12-03,North York,Approval
CO,2019-12-09,Etobicoke York,Refuse
MV,2019-12-09,Etobicoke York,Refuse
MV,2019-12-09,Etobicoke York,Refuse
CO,2019-12-10,North York,Refuse
MV,2019-12-12,North York,Approval
CO,2019-12-13,Toronto East York,Refuse
MV,2019-12-13,Toronto East York,Refuse
MV,2019-12-13,Toronto East York,Refuse
MV,2019-12-13,Toronto East York,Refuse
CO,2019-12-16,Scarborough,Approval
CO,2019-12-24,Etobicoke York,Refuse
MV,2019-12-27,Toronto East York,Refuse
MV,2020-01-09,Toronto East York,Approval
MV,2020-01-09,North York,Approval
CO,2020-01-14,North York,Refuse
CO,2020-01-17,Etobicoke York,Approval
MV,2020-01-23,Toronto East York,Approval
CO,2020-01-23,North York,Approval
MV,2020-01-27,Toronto East York,Approval
MV,2020-01-31,North York,Approval
MV,2020-02-04,Scarborough,Refuse
MV,2020-02-05,Toronto East York,Approval
MV,2020-02-06,Toronto East York,Approval
MV,2020-02-18,North York,Approval
MV,2020-02-19,Etobicoke York,Approval
CO,2020-02-21,Scarborough,Approval
MV,2020-02-24,North York,Approval
CO,2020-02-25,North York,Refuse
CO,2020-02-25,North York,Refuse
MV,2020-02-26,North York,Approval
MV,2020-02-27,Scarborough,Approval
MV,2020-02-27,North York,Approval
MV,2020-02-27,Etobicoke York,Approval
MV,2020-03-04,North York,Approval
MV,2020-03-05,North York,Approval
MV,2020-03-05,North York,Approval
MV,2020-03-17,Etobicoke York,Approval
MV,2020-04-08,Etobicoke York,Refuse
MV,2020-04-16,Toronto East York,Approval
MV,2020-04-20,Etobicoke York,Refuse
CO,2020-04-22,Etobicoke York,Approval
MV,2020-04-22,Etobicoke York,Approval
MV,2020-04-22,Etobicoke York,Approval
MV,2020-04-24,Toronto East York,Refuse
CO,2020-04-30,North York,Approval
MV,2020-05-04,North York,Approval
MV,2020-05-07,North York,Approval
MV,2020-05-07,North York,Approval
MV,2020-05-12,Etobicoke York,Refuse
MV,2020-05-19,Toronto East York,Approval
CO,2020-05-21,North York,Approval
MV,2020-05-26,North York,Approval
CO,2020-05-26,Scarborough,Approval
MV,2020-05-29,North York,Approval
MV,2020-06-05,North York,Approval
MV,2020-06-05,Toronto East York,Approval
MV,2020-06-08,Toronto East York,Approval
MV,2020-06-08,North York,Refuse
CO,2020-06-10,North York,Approval
CO,2020-06-12,Scarborough,Refuse
CO,2020-06-17,North York,Approval
CO,2020-06-22,Etobicoke York,Approval
MV,2020-06-22,Etobicoke York,Approval
MV,2020-06-22,Etobicoke York,Approval
MV,2020-06-23,North York,Refuse
MV,2020-06-23,Etobicoke York,Approval
MV,2020-06-24,Etobicoke York,Refuse
CO,2020-07-02,North York,Refuse
MV,2020-07-07,North York,Refuse
MV,2020-07-10,Toronto East York,Approval
CO,2020-07-14,North York,Approval
MV,2020-07-15,North York,Approval
MV,2020-07-21,North York,Approval
MV,2020-07-21,Etobicoke York,Approval
MV,2020-07-21,Toronto East York,Refuse
CO,2020-07-22,Scarborough,Refuse
MV,2020-07-22,Scarborough,Refuse
MV,2020-07-22,Scarborough,Refuse
MV,2020-07-27,Toronto East York,Approval
MV,2020-07-28,Toronto East York,Approval
MV,2020-07-29,North York,Approval
CO,2020-07-30,North York,Approval
MV,2020-08-04,Etobicoke York,Refuse
MV,2020-08-05,Toronto East York,Refuse
MV,2020-08-10,Toronto East York,Approval
CO,2020-08-11,Scarborough,Refuse
MV,2020-08-19,Toronto East York,Approval
CO,2020-11-24,Etobicoke York,Refuse
MV,2020-11-24,Etobicoke York,Refuse
MV,2020-11-24,Etobicoke York,Refuse
CO,2020-08-26,North York,Approval
MV,2020-08-26,North York,Approval
MV,2020-08-28,Toronto East York,Approval
MV,2020-09-02,Scarborough,Approval
MV,2020-09-02,Toronto East York,Approval
MV,2020-09-04,Scarborough,Approval
MV,2020-09-08,Etobicoke York,Approval
MV,2020-09-08,Etobicoke York,Approval
MV,2020-09-08,Toronto East York,Approval
MV,2020-09-15,Toronto East York,Approval
MV,2020-09-18,Toronto East York,Approval
MV,2020-09-18,Toronto East York,Refuse
CO,2020-09-30,Scarborough,Approval
CO,2020-09-30,North York,Refuse
MV,2020-09-30,North York,Refuse
MV,2020-09-30,North York,Refuse
CO,2020-10-01,Etobicoke York,Refuse
CO,2020-10-01,North York,Approval
CO,2020-10-02,North York,Refuse
CO,2020-10-05,Toronto East York,Approval
CO,2020-10-05,Toronto East York,Approval
MV,2020-10-08,Scarborough,Refuse
MV,2020-10-09,Toronto East York,Approval
MV,2020-10-13,Toronto East York,Approval
CO,2020-10-16,North York,Approval
CO,2020-10-16,North York,Approval
MV,2020-10-19,North York,Approval
CO,2020-10-20,Toronto East York,Approval
CO,2020-10-20,Toronto East York,Approval
CO,2020-10-20,Toronto East York,Approval
MV,2020-10-20,Scarborough,Approval
MV,2020-10-21,Etobicoke York,Approval
CO,2020-10-21,Toronto East York,Refuse
MV,2020-10-21,Toronto East York,Refuse
MV,2020-10-21,Toronto East York,Refuse
MV,2020-10-21,Toronto East York,Refuse
MV,2020-10-22,Etobicoke York,Approval
CO,2020-10-22,North York,Approval
MV,2020-10-27,Toronto East York,Approval
MV,2020-10-29,Toronto East York,Approval
CO,2020-10-29,Etobicoke York,Refuse
CO,2020-10-30,North York,Refuse
CO,2020-11-03,North York,Approval
MV,2020-11-03,Toronto East York,Approval
CO,2020-11-09,Toronto East York,Approval
CO,2020-11-09,North York,Refuse
MV,2020-11-09,North York,Refuse
MV,2020-11-09,North York,Refuse
CO,2020-11-13,Scarborough,Approval
MV,2020-11-13,Scarborough,Approval
MV,2020-11-13,Scarborough,Approval
MV,2020-11-13,Scarborough,Approval
MV,2020-11-13,Scarborough,Approval
MV,2020-11-13,Scarborough,Approval
CO,2020-11-13,Scarborough,Approval
CO,2020-11-13,Scarborough,Approval
MV,2020-11-13,Toronto East York,Approval
MV,2020-11-16,Toronto East York,Refuse
CO,2020-11-17,Etobicoke York,Refuse
MV,2020-11-18,Scarborough,Approval
CO,2020-11-24,North York,Refuse
MV,2020-11-24,North York,Refuse
MV,2020-11-24,North York,Refuse
CO,2020-11-30,Scarborough,Refuse
CO,2020-12-04,North York,Refuse
MV,2020-12-04,North York,Refuse
MV,2020-12-07,Scarborough,Approval
MV,2020-12-10,Toronto East York,Refuse
MV,2020-12-10,Toronto East York,Refuse
CO,2020-12-10,Scarborough,Approval
MV,2020-12-10,Scarborough,Approval
MV,2020-12-18,Toronto East York,Refuse
CO,2020-12-21,Etobicoke York,Refuse
MV,2020-12-21,Etobicoke York,Refuse
MV,2020-12-21,Etobicoke York,Refuse
MV,2020-12-24,Toronto East York,Approval
MV,2020-12-24,Toronto East York,Refuse
MV,2020-12-31,Toronto East York,Approval
MV,2021-01-08,Scarborough,Refuse
CO,2021-01-11,Etobicoke York,Approval
MV,2021-01-13,Scarborough,Refuse
MV,2021-01-14,North York,Refuse
CO,2021-01-15,Etobicoke York,Refuse
MV,2021-01-15,Etobicoke York,Refuse
MV,2021-01-15,Etobicoke York,Refuse
MV,2021-01-15,North York,Approval
MV,2021-01-20,Etobicoke York,Refuse
CO,2021-01-27,Etobicoke York,Approval
MV,2021-01-27,Etobicoke York,Approval
MV,2021-01-27,Etobicoke York,Approval
MV,2021-01-29,Etobicoke York,Approval
MV,2021-02-01,Toronto East York,Approval
MV,2021-02-03,Toronto East York,Approval
MV,2021-02-04,Etobicoke York,Refuse
CO,2021-02-04,Etobicoke York,Approval
MV,2021-02-04,North York,Refuse
MV,2021-02-08,Etobicoke York,Refuse
MV,2021-02-08,Etobicoke York,Refuse
MV,2021-02-09,Toronto East York,Approval
CO,2021-02-10,Etobicoke York,Approval
MV,2021-02-10,Etobicoke York,Approval
MV,2021-02-10,Etobicoke York,Approval
MV,2021-02-11,North York,Approval
CO,2021-02-11,North York,Refuse
MV,2021-02-12,Etobicoke York,Approval
MV,2021-02-17,Toronto East York,Approval
MV,2021-02-19,Etobicoke York,Approval
MV,2021-02-19,Toronto East York,Approval
MV,2021-02-19,Toronto East York,Approval
CO,2021-02-23,North York,Approval
CO,2021-02-23,North York,Approval
MV,2021-02-23,North York,Approval
MV,2021-02-23,North York,Approval
MV,2021-02-23,North York,Approval
MV,2021-02-23,North York,Approval
MV,2021-02-23,North York,Approval
MV,2021-02-23,North York,Approval
MV,2021-02-24,Toronto East York,Approval
MV,2021-02-26,Scarborough,Approval
MV,2021-02-28,Toronto East York,Approval
MV,2021-03-02,Toronto East York,Approval
MV,2021-03-02,Scarborough,Refuse
MV,2021-03-02,Scarborough,Refuse
MV,2021-03-04,Toronto East York,Approval
MV,2021-03-05,Scarborough,Approval
MV,2021-03-05,North York,Refuse
MV,2021-03-08,Toronto East York,Approval
MV,2021-03-09,Toronto East York,Approval
MV,2021-03-09,Toronto East York,Refuse
MV,2021-03-12,Toronto East York,Approval
MV,2021-03-17,North York,Approval
CO,2021-03-19,Toronto East York,Refuse
MV,2021-03-19,Toronto East York,Refuse
MV,2021-03-19,Toronto East York,Refuse
MV,2021-03-24,Toronto East York,Refuse
MV,2021-03-24,Toronto East York,Approval
MV,2021-03-26,Toronto East York,Approval
MV,2021-03-26,Toronto East York,Approval
MV,2021-03-26,Scarborough,Approval
MV,2021-03-29,Toronto East York,Refuse
MV,2021-03-29,North York,Approval
CO,2021-03-29,Toronto East York,Approval
MV,2021-03-30,North York,Approval
CO,2021-03-30,Toronto East York,Approval
MV,2021-04-01,Etobicoke York,Approval
CO,2021-04-01,Scarborough,Approval
MV,2021-04-09,Etobicoke York,Approval
MV,2021-04-11,Scarborough,Approval
MV,2021-04-13,North York,Approval
MV,2021-04-19,Toronto East York,Refuse
CO,2021-04-19,North York,Refuse
MV,2021-04-19,North York,Refuse
MV,2021-04-19,North York,Refuse
MV,2021-04-19,Toronto East York,Refuse
CO,2021-04-20,North York,Approval
CO,2021-04-20,North York,Approval
MV,2021-04-23,Etobicoke York,Refuse
MV,2021-04-24,Etobicoke York,Refuse
MV,2021-04-24,Etobicoke York,Refuse
MV,2021-04-25,Toronto East York,Approval
CO,2021-04-26,North York,Refuse
MV,2021-04-26,North York,Refuse
MV,2021-04-26,North York,Refuse
MV,2021-04-27,Etobicoke York,Refuse
MV,2021-05-01,Toronto East York,Approval
CO,2021-05-01,North York,Refuse
MV,2021-05-03,Toronto East York,Approval
MV,2021-05-03,Scarborough,Approval
MV,2021-05-04,Toronto East York,Approval
MV,2021-05-04,Toronto East York,Approval
CO,2021-05-06,North York,Approval
CO,2021-05-06,North York,Approval
MV,2021-05-07,North York,Refuse
MV,2021-05-08,Toronto East York,Refuse
MV,2021-05-09,Toronto East York,Refuse
CO,2021-05-10,North York,Approval
MV,2021-05-13,Toronto East York,Approval
MV,2021-05-14,North York,Approval
MV,2021-05-14,North York,Approval
MV,2021-05-14,Toronto East York,Refuse
MV,2021-05-14,Etobicoke York,Refuse
MV,2021-05-16,Toronto East York,Approval
MV,2021-05-18,North York,Refuse
MV,2021-05-19,Toronto East York,Approval
CO,2021-05-20,North York,Approval
CO,2021-05-21,Toronto East York,Refuse
MV,2021-05-23,Scarborough,Approval
MV,2021-05-23,Scarborough,Approval
CO,2021-05-23,Scarborough,Refuse
MV,2021-05-23,Scarborough,Refuse
MV,2021-05-24,Scarborough,Refuse
CO,2021-05-25,North York,Refuse
MV,2021-05-25,North York,Refuse
MV,2021-05-25,North York,Refuse
MV,2021-05-26,Toronto East York,Refuse
MV,2021-05-27,Etobicoke York,Refuse
MV,2021-06-04,Toronto East York,Refuse
CO,2021-06-04,Etobicoke York,Refuse
MV,2021-06-04,Etobicoke York,Refuse
MV,2021-06-04,Etobicoke York,Refuse
MV,2021-06-07,Scarborough,Refuse
MV,2021-06-07,Scarborough,Refuse
MV,2021-06-09,Scarborough,Approval
MV,2021-06-15,Scarborough,Refuse
MV,2021-06-17,North York,Approval
MV,2021-06-20,Etobicoke York,Approval
MV,2021-06-22,Scarborough,Approval
MV,2021-06-23,Toronto East York,Approval
MV,2021-06-26,Toronto East York,Approval
MV,2021-06-28,Toronto East York,Approval
MV,2021-06-28,Toronto East York,Approval
MV,2021-07-04,Toronto East York,Approval
MV,2021-07-04,Toronto East York,Approval
MV,2021-07-05,Scarborough,Approval
MV,2021-07-05,Scarborough,Approval
CO,2021-07-06,Etobicoke York,Approval
MV,2021-07-06,Toronto East York,Approval
MV,2021-07-07,North York,Approval
MV,2021-07-09,Toronto East York,Refuse
CO,2021-07-12,Scarborough,Approval
MV,2021-07-13,Toronto East York,Approval
MV,2021-07-14,North York,Refuse
MV,2021-07-15,North York,Approval
MV,2021-07-16,Toronto East York,Refuse
MV,2021-07-22,Toronto East York,Approval
MV,2021-07-23,Toronto East York,Refuse
MV,2021-07-26,Scarborough,Approval
MV,2021-07-29,Scarborough,Approval
MV,2021-07-29,North York,Approval
MV,2021-08-04,Scarborough,Approval
MV,2021-08-04,North York,Approval
MV,2021-08-06,Toronto East York,Refuse
CO,2021-08-07,North York,Refuse
MV,2021-08-07,North York,Refuse
MV,2021-08-07,North York,Refuse
MV,2021-08-07,Toronto East York,Approval
MV,2021-08-10,Toronto East York,Approval
MV,2021-08-10,Toronto East York,Approval
CO,2021-08-18,Scarborough,Approval
MV,2021-08-19,North York,Refuse
MV,2021-08-19,Toronto East York,Refuse
MV,2021-08-19,Toronto East York,Refuse
CO,2021-08-20,Etobicoke York,Approval
MV,2021-08-20,Scarborough,Refuse
MV,2021-08-21,North York,Refuse
CO,2021-08-23,Scarborough,Refuse
MV,2021-08-23,Scarborough,Refuse
MV,2021-08-23,Scarborough,Refuse
MV,2021-08-25,North York,Refuse
MV,2021-08-25,Scarborough,Approval
MV,2021-08-25,Scarborough,Approval
MV,2021-08-25,Toronto East York,Refuse
CO,2021-08-26,Scarborough,Approval
MV,2021-08-27,North York,Approval
MV,2021-09-01,North York,Approval
MV,2021-09-01,North York,Refuse
MV,2021-09-01,North York,Refuse
MV,2021-09-08,Toronto East York,Refuse
CO,2021-09-14,Scarborough,Approval
MV,2021-09-14,North York,Approval
MV,2021-09-14,North York,Approval
CO,2021-09-14,Scarborough,Approval
CO,2021-09-14,Scarborough,Approval
MV,2021-09-15,North York,Approval
MV,2021-09-18,North York,Approval
MV,2021-09-20,North York,Approval
MV,2021-09-22,Toronto East York,Approval
MV,2021-09-22,North York,Approval
MV,2021-09-22,North York,Approval
MV,2021-09-22,North York,Approval
MV,2021-09-22,North York,Approval
MV,2021-09-25,Toronto East York,Refuse
MV,2021-09-27,North York,Approval
MV,2021-09-27,North York,Approval
MV,2021-09-27,North York,Approval
MV,2021-09-27,Etobicoke York,Refuse
MV,2021-09-27,North York,Approval
MV,2021-09-28,Toronto East York,Refuse
MV,2021-09-28,Toronto East York,Refuse
CO,2021-09-28,Toronto East York,Refuse
MV,2021-09-29,North York,Approval
MV,2021-10-03,North York,Approval
MV,2021-10-04,Scarborough,Refuse
MV,2021-10-06,Scarborough,Refuse
MV,2021-10-06,Scarborough,Refuse
MV,2021-10-09,North York,Approval
CO,2021-10-12,Etobicoke York,Approval
CO,2021-10-12,North York,Approval
MV,2021-10-14,North York,Approval
MV,2021-10-16,Etobicoke York,Refuse
MV,2021-10-20,North York,Approval
MV,2021-10-21,Scarborough,Refuse
CO,2021-10-26,North York,Approval
MV,2021-10-26,North York,Approval
MV,2021-10-26,North York,Approval
MV,2021-10-27,Toronto East York,Refuse
MV,2021-10-27,Scarborough,Refuse
MV,2021-10-29,Toronto East York,Approval
MV,2021-10-29,Toronto East York,Approval
MV,2021-10-30,Etobicoke York,Approval
MV,2021-11-04,North York,Approval
MV,2021-11-06,Etobicoke York,Refuse
MV,2021-11-06,Etobicoke York,Refuse
MV,2021-11-09,North York,Approval
MV,2021-11-15,Toronto East York,Approval
MV,2021-11-18,Toronto East York,Approval
MV,2021-11-22,Toronto East York,Refuse
CO,2021-11-22,Etobicoke York,Refuse
MV,2021-11-22,Etobicoke York,Refuse
MV,2021-11-22,Etobicoke York,Refuse
CO,2021-11-25,Toronto East York,Approval
MV,2021-11-26,North York,Approval
MV,2021-11-29,Etobicoke York,Approval
MV,2021-12-01,Toronto East York,Refuse
MV,2021-12-02,North York,Approval
MV,2021-12-02,North York,Approval
MV,2021-12-06,North York,Refuse
MV,2021-12-06,Scarborough,Approval
MV,2021-12-06,North York,Approval
MV,2021-12-06,Scarborough,Approval
MV,2021-12-06,Scarborough,Approval
MV,2021-12-06,Toronto East York,Approval
MV,2021-12-07,Toronto East York,Refuse
MV,2021-12-07,Toronto East York,Refuse
MV,2021-12-07,North York,Refuse
CO,2021-12-08,North York,Approval
CO,2021-12-08,Scarborough,Approval
MV,2021-12-09,Scarborough,Refuse
MV,2021-12-09,Scarborough,Refuse
MV,2021-12-10,North York,Approval
MV,2021-12-10,North York,Approval
MV,2021-12-13,North York,Approval
MV,2021-12-13,Etobicoke York,Refuse
CO,2021-12-14,Etobicoke York,Approval
MV,2021-12-14,Toronto East York,Refuse
CO,2021-12-22,North York,Approval
MV,2021-12-22,North York,Refuse
MV,2021-12-31,Toronto East York,Refuse
MV,2022-01-04,Toronto East York,Refuse
CO,2022-01-10,North York,Approval
CO,2022-01-10,North York,Approval
MV,2022-01-10,North York,Approval
MV,2022-01-10,North York,Approval
MV,2022-01-10,North York,Approval
MV,2022-01-11,North York,Approval
MV,2022-01-11,North York,Refuse
MV,2022-01-13,Scarborough,Approval
MV,2022-01-17,Toronto East York,Refuse
MV,2022-01-18,Toronto East York,Approval
MV,2022-01-18,North York,Approval
MV,2022-01-20,North York,Approval
MV,2022-01-20,Scarborough,Approval
MV,2022-01-24,North York,Refuse
MV,2022-01-24,Etobicoke York,Approval
MV,2022-01-25,North York,Approval
MV,2022-01-25,North York,Approval
MV,2022-01-31,Toronto East York,Approval
CO,2022-01-31,North York,Approval
MV,2022-02-01,North York,Approval
MV,2022-02-01,North York,Approval
MV,2022-02-04,North York,Approval
MV,2022-02-07,Etobicoke York,Approval
MV,2022-02-07,Toronto East York,Refuse
MV,2022-02-08,North York,Refuse
MV,2022-02-10,Toronto East York,Approval
CO,2022-02-10,Toronto East York,Approval
MV,2022-02-17,Etobicoke York,Approval
MV,2022-02-23,Toronto East York,Approval
MV,2022-02-24,Etobicoke York,Approval
MV,2022-02-24,Etobicoke York,Approval
MV,2022-02-24,Toronto East York,Approval
MV,2022-02-25,Toronto East York,Refuse
MV,2022-02-28,Toronto East York,Approval
CO,2022-03-01,Toronto East York,Approval
MV,2022-03-01,Toronto East York,Refuse
MV,2022-03-01,Toronto East York,Refuse
CO,2022-03-02,Toronto East York,Refuse
MV,2022-03-04,Toronto East York,Approval
MV,2022-03-04,Toronto East York,Approval
MV,2022-03-08,North York,Approval
CO,2022-03-09,Toronto East York,Approval
MV,2022-03-11,North York,Approval
CO,2022-03-11,Etobicoke York,Approval
MV,2022-03-11,North York,Approval
CO,2022-03-14,Etobicoke York,Approval
MV,2022-03-17,Etobicoke York,Refuse
CO,2022-03-17,Etobicoke York,Refuse
MV,2022-03-17,Etobicoke York,Refuse
MV,2022-03-17,Etobicoke York,Refuse
MV,2022-03-17,North York,Approval
MV,2022-03-17,North York,Approval
MV,2022-03-21,Etobicoke York,Refuse
MV,2022-03-23,North York,Refuse
CO,2022-03-24,North York,Approval
MV,2022-03-28,Toronto East York,Approval
CO,2022-04-04,Scarborough,Approval
CO,2022-04-05,Etobicoke York,Approval
MV,2022-04-05,Toronto East York,Approval
MV,2022-04-05,Toronto East York,Approval
MV,2022-04-07,Toronto East York,Approval
MV,2022-04-07,Toronto East York,Refuse
MV,2022-04-08,North York,Approval
MV,2022-04-08,North York,Approval
CO,2022-04-12,Toronto East York,Approval
MV,2022-04-14,Etobicoke York,Approval
MV,2022-04-14,Toronto East York,Approval
MV,2022-04-19,North York,Refuse
MV,2022-04-20,Etobicoke York,Refuse
MV,2022-04-26,Etobicoke York,Approval
MV,2022-04-26,Toronto East York,Refuse
MV,2022-04-26,Toronto East York,Refuse
CO,2022-04-26,North York,Refuse
CO,2022-04-27,Etobicoke York,Approval
CO,2022-04-28,Etobicoke York,Approval
CO,2022-04-29,North York,Approval
CO,2022-05-04,Etobicoke York,Refuse
MV,2022-05-04,Etobicoke York,Refuse
MV,2022-05-04,Etobicoke York,Refuse
CO,2022-05-05,Etobicoke York,Approval
MV,2022-05-05,Toronto East York,Refuse
MV,2022-05-05,Etobicoke York,Approval
MV,2022-05-10,North York,Approval
MV,2022-05-11,North York,Approval
CO,2022-05-11,Scarborough,Refuse
MV,2022-05-11,Scarborough,Refuse
MV,2022-05-11,Scarborough,Refuse
CO,2022-05-11,Scarborough,Refuse
MV,2022-05-11,Scarborough,Refuse
MV,2022-05-11,Scarborough,Refuse
CO,2022-05-11,Scarborough,Refuse
CO,2022-05-13,North York,Refuse
CO,2022-05-18,Etobicoke York,Refuse
MV,2022-05-18,Etobicoke York,Refuse
MV,2022-05-18,Etobicoke York,Refuse
MV,2022-05-20,North York,Approval
MV,2022-05-20,North York,Approval
CO,2022-05-20,North York,Approval
MV,2022-05-25,Scarborough,Approval
MV,2022-05-27,Toronto East York,Approval
MV,2022-05-27,North York,Approval
MV,2022-05-30,Etobicoke York,Approval
MV,2022-06-02,Toronto East York,Refuse
MV,2022-06-08,North York,Refuse
MV,2022-06-14,North York,Refuse
MV,2022-06-16,Toronto East York,Refuse
CO,2022-06-17,Toronto East York,Approval
CO,2022-06-20,North York,Approval
MV,2022-06-20,Toronto East York,Refuse
CO,2022-06-20,Toronto East York,Refuse
MV,2022-06-21,North York,Refuse
CO,2022-06-21,Toronto East York,Approval
CO,2022-06-23,North York,Refuse
MV,2022-06-23,North York,Refuse
MV,2022-06-23,North York,Refuse
MV,2022-06-27,Etobicoke York,Refuse
CO,2022-06-28,Etobicoke York,Refuse
CO,2022-06-29,North York,Approval
MV,2022-06-30,North York,Approval
MV,2022-07-07,Toronto East York,Approval
MV,2022-07-15,North York,Refuse
MV,2022-07-15,Etobicoke York,Refuse
MV,2022-07-19,Toronto East York,Approval
MV,2022-07-20,Scarborough,Refuse
MV,2022-07-20,Scarborough,Refuse
CO,2022-07-20,Scarborough,Refuse
MV,2022-07-23,North York,Refuse
CO,2022-07-26,Etobicoke York,Approval
CO,2022-07-27,Etobicoke York,Approval
MV,2022-08-08,North York,Approval
MV,2022-08-10,Etobicoke York,Approval
MV,2022-08-14,North York,Approval
CO,2022-08-18,Etobicoke York,Approval
MV,2022-08-19,Toronto East York,Refuse
MV,2022-08-22,Toronto East York,Refuse
CO,2022-08-29,Toronto East York,Approval
CO,2022-08-31,Scarborough,Approval
CO,2022-09-01,Scarborough,Approval
MV,2022-09-02,North York,Approval
MV,2022-09-07,Etobicoke York,Approval
CO,2022-09-07,North York,Approval
CO,2022-09-13,Scarborough,Approval
MV,2022-09-23,North York,Approval
MV,2022-10-17,North York,Approval
CO,2022-10-17,Scarborough,Approval
CO,2022-10-18,Scarborough,Approval
MV,2022-10-18,Toronto East York,Refuse
MV,2022-10-19,North York,Refuse
MV,2022-10-20,Toronto East York,Refuse
MV,2022-10-21,Toronto East York,Refuse
CO,2022-10-26,North York,Approval
MV,2022-10-28,North York,Approval
MV,2022-11-03,North York,Approval
CO,2022-11-04,Toronto East York,Approval
MV,2022-11-08,Etobicoke York,Approval
MV,2022-11-09,North York,Refuse
CO,2022-11-14,Scarborough,Refuse
MV,2022-11-14,Scarborough,Refuse
MV,2022-11-14,Scarborough,Refuse
MV,2022-11-14,Scarborough,Refuse
CO,2022-11-15,North York,Refuse
MV,2022-11-15,North York,Refuse
MV,2022-11-15,North York,Refuse
CO,2022-11-15,Toronto East York,Approval
MV,2022-11-17,North York,Approval
CO,2022-11-21,Scarborough,Approval
CO,2022-11-21,Toronto East York,Approval
CO,2022-11-22,North York,Approval
CO,2022-11-25,North York,Approval
CO,2022-11-30,Scarborough,Approval
MV,2022-11-30,North York,Refuse
MV,2022-11-30,North York,Refuse
CO,2022-11-30,North York,Refuse
MV,2022-12-01,North York,Approval
MV,2022-12-07,Toronto East York,Approval
MV,2022-12-09,Toronto East York,Approval
MV,2022-12-09,North York,Refuse
MV,2022-12-14,Toronto East York,Refuse
CO,2022-12-19,Scarborough,Approval
MV,2022-12-20,Toronto East York,Refuse
CO,2022-12-22,North York,Approval
MV,2022-12-29,North York,Refuse
MV,2023-01-03,North York,Approval
CO,2023-01-06,Scarborough,Refuse
MV,2023-01-06,Scarborough,Refuse
MV,2023-01-06,Scarborough,Refuse
MV,2023-01-10,Toronto East York,Refuse
MV,2023-01-13,Etobicoke York,Refuse
MV,2023-01-16,North York,Approval
CO,2023-01-17,North York,Approval
MV,2023-01-17,North York,Approval
CO,2023-01-17,Etobicoke York,Approval
CO,2023-01-19,Toronto East York,Approval
CO,2023-01-19,North York,Approval
MV,2023-01-20,Toronto East York,Refuse
CO,2023-01-20,North York,Refuse
MV,2023-01-20,North York,Refuse
MV,2023-01-20,North York,Refuse
MV,2023-01-23,Etobicoke York,Refuse
CO,2023-01-24,North York,Approval
MV,2023-01-24,North York,Approval
CO,2023-01-25,Toronto East York,Approval
CO,2023-01-30,North York,Approval
MV,2023-01-31,Toronto East York,Refuse
MV,2023-01-31,Toronto East York,Refuse
CO,2023-02-03,Toronto East York,Refuse
MV,2023-02-03,Toronto East York,Refuse
MV,2023-02-03,Toronto East York,Refuse
MV,2023-02-07,Etobicoke York,Approval
CO,2023-02-15,Scarborough,Approval
CO,2023-02-16,Scarborough,Approval
MV,2023-02-21,North York,Approval
CO,2023-02-22,Scarborough,Approval
CO,2023-02-23,Scarborough,Approval
CO,2023-02-23,Etobicoke York,Refuse
MV,2023-02-23,Etobicoke York,Refuse
MV,2023-02-23,Etobicoke York,Refuse
MV,2023-02-23,Etobicoke York,Refuse
MV,2023-03-02,Toronto East York,Refuse
MV,2023-03-02,North York,Approval
MV,2023-03-07,North York,Refuse
MV,2023-03-07,North York,Refuse
CO,2023-03-07,Scarborough,Approval
CO,2023-03-08,North York,Refuse
MV,2023-03-08,Scarborough,Refuse
MV,2023-03-08,Scarborough,Refuse
MV,2023-03-09,North York,Approval
CO,2023-03-09,North York,Approval
CO,2023-03-10,Toronto East York,Approval
MV,2023-03-10,North York,Approval
MV,2023-03-13,North York,Refuse
MV,2023-03-15,Etobicoke York,Refuse
CO,2023-03-15,Etobicoke York,Refuse
MV,2023-03-15,Etobicoke York,Refuse
MV,2023-03-15,Etobicoke York,Refuse
MV,2023-03-16,Toronto East York,Refuse
MV,2023-03-16,Toronto East York,Refuse
MV,2023-03-20,North York,Refuse
MV,2023-03-20,North York,Approval
MV,2023-03-21,Toronto East York,Refuse
MV,2023-03-23,North York,Refuse
MV,2023-03-24,Toronto East York,Approval
MV,2023-03-24,Toronto East York,Approval
MV,2023-03-24,Etobicoke York,Refuse
MV,2023-03-27,Scarborough,Refuse
MV,2023-03-27,Toronto East York,Refuse
CO,2023-03-30,Etobicoke York,Refuse
MV,2023-03-30,Etobicoke York,Refuse
MV,2023-03-30,Etobicoke York,Refuse
MV,2023-03-31,North York,Approval
MV,2023-03-31,North York,Refuse
MV,2023-03-31,Toronto East York,Refuse
MV,2023-03-31,Toronto East York,Refuse
MV,2023-04-04,North York,Approval
MV,2023-04-04,North York,Approval
MV,2023-04-04,North York,Approval
MV,2023-04-06,North York,Approval
MV,2023-04-06,Toronto East York,Refuse
MV,2023-04-12,Etobicoke York,Approval
MV,2023-04-14,North York,Approval
MV,2023-04-18,North York,Refuse
MV,2023-04-20,Scarborough,Refuse
MV,2023-04-21,North York,Refuse
MV,2023-04-24,Toronto East York,Approval
MV,2023-04-26,North York,Approval
CO,2023-04-28,North York,Approval
CO,2023-05-02,Scarborough,Refuse
CO,2023-05-03,North York,Approval
CO,2023-05-04,Scarborough,Approval
CO,2023-05-05,North York,Approval
MV,2023-05-09,North York,Refuse
MV,2023-05-09,Toronto East York,Approval
MV,2023-05-09,North York,Approval
CO,2023-05-11,Etobicoke York,Approval
MV,2023-05-11,North York,Approval
MV,2023-05-11,Scarborough,Refuse
CO,2023-05-15,North York,Refuse
MV,2023-05-15,North York,Refuse
MV,2023-05-15,North York,Refuse
MV,2023-05-15,North York,Approval
MV,2023-05-16,North York,Approval
MV,2023-05-17,North York,Approval
MV,2023-05-17,North York,Approval
MV,2023-05-17,North York,Approval
MV,2023-05-17,North York,Refuse
MV,2023-05-18,Toronto East York,Approval
MV,2023-05-23,North York,Approval
CO,2023-05-24,Toronto East York,Approval
MV,2023-05-24,Toronto East York,Refuse
CO,2023-05-25,Etobicoke York,Approval
CO,2023-05-26,Etobicoke York,Approval
MV,2023-05-26,North York,Approval
MV,2023-05-29,North York,Approval
MV,2023-05-29,North York,Approval
MV,2023-05-30,North York,Approval
MV,2023-05-30,North York,Approval
MV,2023-05-30,North York,Approval
MV,2023-05-30,North York,Approval
MV,2023-05-31,North York,Approval
MV,2023-06-01,North York,Approval
MV,2023-06-01,North York,Approval
MV,2023-06-05,North York,Approval
MV,2023-06-05,Toronto East York,Approval
CO,2023-06-06,Etobicoke York,Approval
MV,2023-06-06,North York,Approval
CO,2023-06-07,Etobicoke York,Approval
CO,2023-06-07,North York,Approval
CO,2023-06-08,Toronto East York,Approval
CO,2023-06-08,Scarborough,Approval
MV,2023-06-09,Toronto East York,Approval
MV,2023-06-12,North York,Approval
CO,2023-06-12,Etobicoke York,Approval
MV,2023-06-12,North York,Approval
MV,2023-06-12,Toronto East York,Approval
MV,2023-06-13,North York,Approval
MV,2023-06-14,Toronto East York,Approval
CO,2023-06-15,Etobicoke York,Approval
MV,2023-06-16,Toronto East York,Approval
MV,2023-06-16,Toronto East York,Approval
MV,2023-06-16,North York,Approval
MV,2023-06-16,Toronto East York,Refuse
MV,2023-06-16,Toronto East York,Refuse
MV,2023-06-16,North York,Approval
MV,2023-06-16,North York,Approval
MV,2023-06-19,North York,Approval
MV,2023-06-20,North York,Approval
MV,2023-06-22,North York,Approval
CO,2023-06-27,North York,Approval
MV,2023-06-27,North York,Approval
MV,2023-06-27,North York,Approval
MV,2023-06-27,North York,Approval
MV,2023-06-27,North York,Approval
MV,2023-06-27,Toronto East York,Refuse
MV,2023-06-28,North York,Approval
MV,2023-06-28,North York,Approval
MV,2023-06-29,North York,Approval
MV,2023-06-29,Toronto East York,Approval
MV,2023-06-29,Toronto East York,Refuse
MV,2023-07-04,Toronto East York,Refuse
MV,2023-07-05,Etobicoke York,Approval
MV,2023-07-05,North York,Approval
MV,2023-07-05,North York,Approval
MV,2023-07-05,Toronto East York,Refuse
CO,2023-07-05,Toronto East York,Approval
MV,2023-07-06,North York,Approval
MV,2023-07-06,Etobicoke York,Refuse
MV,2023-07-07,Etobicoke York,Refuse
MV,2023-07-07,North York,Approval
MV,2023-07-07,North York,Approval
MV,2023-07-07,North York,Approval
MV,2023-07-10,Toronto East York,Approval
MV,2023-07-11,North York,Approval
MV,2023-07-11,North York,Approval
MV,2023-07-11,North York,Approval
MV,2023-07-11,North York,Approval
MV,2023-07-11,North York,Approval
MV,2023-07-11,North York,Approval
CO,2023-07-12,Scarborough,Approval
CO,2023-07-12,Toronto East York,Approval
CO,2023-07-12,Toronto East York,Approval
MV,2023-07-12,North York,Approval
MV,2023-07-13,North York,Approval
CO,2023-07-13,Etobicoke York,Approval
MV,2023-07-14,North York,Approval
MV,2023-07-17,Scarborough,Refuse
MV,2023-07-17,North York,Approval
MV,2023-07-17,North York,Approval
MV,2023-07-17,Etobicoke York,Approval
MV,2023-07-18,North York,Approval
MV,2023-07-18,North York,Approval
MV,2023-07-19,Toronto East York,Approval
CO,2023-07-19,Scarborough,Refuse
MV,2023-07-19,Scarborough,Refuse
MV,2023-07-19,Scarborough,Refuse
MV,2023-07-19,North York,Approval
MV,2023-07-20,Toronto East York,Approval
MV,2023-07-22,North York,Approval
MV,2023-07-24,Toronto East York,Refuse
CO,2023-07-24,Etobicoke York,Approval
MV,2023-07-25,North York,Approval
MV,2023-07-25,Etobicoke York,Refuse
MV,2023-07-25,Toronto East York,Approval
MV,2023-07-25,North York,Approval
MV,2023-07-25,North York,Approval
MV,2023-07-27,North York,Refuse
MV,2023-07-28,Toronto East York,Refuse
MV,2023-08-01,Toronto East York,Refuse
CO,2023-08-02,Scarborough,Approval
MV,2023-08-02,Toronto East York,Approval
MV,2023-08-03,North York,Approval
MV,2023-08-03,North York,Approval
MV,2023-08-04,Toronto East York,Approval
MV,2023-08-05,Toronto East York,Approval
MV,2023-08-05,Toronto East York,Approval
CO,2023-08-08,Toronto East York,Approval
MV,2023-08-08,North York,Approval
MV,2023-08-08,Toronto East York,Approval
MV,2023-08-09,North York,Approval
MV,2023-08-09,Toronto East York,Approval
MV,2023-08-09,North York,Approval
MV,2023-08-10,Toronto East York,Approval
MV,2023-08-11,Scarborough,Approval
MV,2023-08-11,Toronto East York,Approval
MV,2023-08-11,Etobicoke York,Refuse
MV,2023-08-11,Toronto East York,Approval
MV,2023-08-11,Toronto East York,Approval
MV,2023-08-15,North York,Refuse
MV,2023-08-16,Toronto East York,Approval
MV,2023-08-16,Toronto East York,Approval
MV,2023-08-17,North York,Approval
MV,2023-08-17,Toronto East York,Approval
MV,2023-08-18,Toronto East York,Approval
MV,2023-08-21,Toronto East York,Approval
CO,2023-08-21,Toronto East York,Approval
MV,2023-08-21,Toronto East York,Approval
MV,2023-08-23,Toronto East York,Approval
MV,2023-08-23,Toronto East York,Approval
MV,2023-08-23,Etobicoke York,Refuse
MV,2023-08-24,Toronto East York,Approval
CO,2023-08-24,Scarborough,Approval
MV,2023-08-24,North York,Approval
MV,2023-08-25,Etobicoke York,Refuse
CO,2023-08-28,Etobicoke York,Approval
MV,2023-08-30,Toronto East York,Approval
MV,2023-08-30,Toronto East York,Approval
CO,2023-08-30,Etobicoke York,Approval
MV,2023-08-31,Toronto East York,Approval
MV,2023-08-31,North York,Approval
MV,2023-08-31,Toronto East York,Approval
MV,2023-09-01,Toronto East York,Approval
CO,2023-09-05,North York,Refuse
MV,2023-09-05,North York,Refuse
MV,2023-09-05,North York,Refuse
MV,2023-09-05,North York,Approval
MV,2023-09-05,Toronto East York,Approval
MV,2023-09-05,Scarborough,Refuse
MV,2023-09-06,Toronto East York,Approval
MV,2023-09-07,Toronto East York,Approval
MV,2023-09-07,Toronto East York,Approval
MV,2023-09-08,Toronto East York,Approval
MV,2023-09-08,Toronto East York,Approval
MV,2023-09-11,Toronto East York,Approval
MV,2023-09-11,Toronto East York,Approval
MV,2023-09-12,Toronto East York,Approval
MV,2023-09-12,Toronto East York,Refuse
CO,2023-09-12,Etobicoke York,Refuse
MV,2023-09-13,North York,Refuse
CO,2023-09-13,Etobicoke York,Approval
MV,2023-09-14,Toronto East York,Approval
MV,2023-09-14,Toronto East York,Approval
CO,2023-09-14,Scarborough,Approval
CO,2023-09-14,Scarborough,Approval
MV,2023-09-15,Toronto East York,Approval
MV,2023-09-18,Toronto East York,Approval
MV,2023-09-18,Toronto East York,Approval
MV,2023-09-18,Scarborough,Refuse
MV,2023-09-18,Toronto East York,Refuse
MV,2023-09-19,Toronto East York,Refuse
MV,2023-09-19,Etobicoke York,Approval
MV,2023-09-19,Toronto East York,Approval
MV,2023-09-20,Toronto East York,Refuse
CO,2023-09-20,North York,Approval
MV,2023-09-21,Toronto East York,Approval
CO,2023-09-21,Etobicoke York,Approval
MV,2023-09-21,Toronto East York,Approval
MV,2023-09-21,Toronto East York,Approval
MV,2023-09-21,Toronto East York,Approval
MV,2023-09-22,Toronto East York,Approval
CO,2023-09-22,Scarborough,Approval
MV,2023-09-25,Toronto East York,Approval
MV,2023-09-25,North York,Refuse
MV,2023-09-26,Toronto East York,Approval
MV,2023-09-26,Toronto East York,Approval
MV,2023-09-26,Toronto East York,Approval
MV,2023-09-26,Toronto East York,Approval
MV,2023-09-26,Toronto East York,Approval
MV,2023-09-27,Toronto East York,Approval
MV,2023-09-27,Toronto East York,Approval
MV,2023-09-27,Toronto East York,Approval
MV,2023-09-28,Toronto East York,Approval
MV,2023-09-28,Toronto East York,Approval
MV,2023-09-28,Toronto East York,Approval
MV,2023-09-29,Toronto East York,Refuse
MV,2023-09-29,Toronto East York,Approval
MV,2023-09-29,Toronto East York,Approval
MV,2023-10-01,Toronto East York,Approval
MV,2023-10-02,Toronto East York,Approval
MV,2023-10-02,Toronto East York,Approval
MV,2023-10-02,Toronto East York,Approval
CO,2023-10-03,Toronto East York,Approval
MV,2023-10-04,Toronto East York,Approval
CO,2023-10-04,Toronto East York,Approval
MV,2023-10-04,North York,Approval
MV,2023-10-05,Scarborough,Refuse
MV,2023-10-05,Toronto East York,Approval
MV,2023-10-06,Toronto East York,Approval
MV,2023-10-10,Toronto East York,Refuse
MV,2023-10-11,Toronto East York,Approval
CO,2023-10-12,Scarborough,Approval
MV,2023-10-12,Toronto East York,Approval
MV,2023-10-13,Toronto East York,Approval
CO,2023-10-16,Toronto East York,Approval
CO,2023-10-16,Etobicoke York,Approval
MV,2023-10-17,Toronto East York,Approval
MV,2023-10-18,Toronto East York,Approval
MV,2023-10-19,Toronto East York,Approval
MV,2023-10-20,Toronto East York,Refuse
MV,2023-10-20,Toronto East York,Approval
MV,2023-10-20,Toronto East York,Approval
MV,2023-10-23,Toronto East York,Approval
MV,2023-10-23,Toronto East York,Approval
MV,2023-10-23,Toronto East York,Approval
MV,2023-10-23,Toronto East York,Approval
MV,2023-10-25,Toronto East York,Approval
MV,2023-10-25,Toronto East York,Approval
CO,2023-10-25,Scarborough,Approval
MV,2023-10-26,Toronto East York,Approval
MV,2023-10-26,Toronto East York,Approval
MV,2023-10-27,Toronto East York,Approval
CO,2023-10-27,Scarborough,Approval
MV,2023-10-27,Scarborough,Approval
MV,2023-10-27,Scarborough,Approval
MV,2023-10-27,Toronto East York,Approval
CO,2023-10-31,Toronto East York,Approval
MV,2023-10-31,Toronto East York,Approval
MV,2023-10-31,Toronto East York,Approval
MV,2023-11-02,Toronto East York,Approval
MV,2023-11-02,Toronto East York,Approval
MV,2023-11-02,North York,Approval
MV,2023-11-02,Toronto East York,Approval
MV,2023-11-03,Toronto East York,Approval
MV,2023-11-03,Toronto East York,Approval
MV,2023-11-03,Toronto East York,Approval
MV,2023-11-06,Toronto East York,Approval
CO,2023-11-07,Etobicoke York,Approval
MV,2023-11-09,North York,Approval
MV,2023-11-13,North York,Refuse
CO,2023-11-20,Toronto East York,Approval
CO,2023-11-21,Scarborough,Approval
MV,2023-11-21,Scarborough,Approval
MV,2023-11-21,Scarborough,Approval
CO,2023-11-21,Toronto East York,Approval
MV,2023-11-21,Toronto East York,Approval
MV,2023-11-21,Toronto East York,Approval
CO,2023-11-24,Etobicoke York,Approval
MV,2023-11-27,North York,Refuse
CO,2023-12-06,Etobicoke York,Approval
MV,2023-12-06,Etobicoke York,Approval
MV,2023-12-06,Etobicoke York,Approval
MV,2023-12-08,North York,Refuse
CO,2023-12-11,Toronto East York,Approval
CO,2023-12-13,Toronto East York,Approval
CO,2023-12-15,Etobicoke York,Approval
MV,2023-12-18,Scarborough,Approval
CO,2023-12-18,Scarborough,Approval
MV,2023-12-19,Scarborough,Refuse
CO,2023-12-20,Scarborough,Approval
MV,2023-12-22,Toronto East York,Approval
CO,2023-12-28,North York,Approval
CO,2024-01-02,Toronto East York,Approval
MV,2024-01-03,Toronto East York,Approval
CO,2024-01-03,North York,Approval
CO,2024-01-05,Scarborough,Approval
MV,2024-01-05,Toronto East York,Refuse
CO,2024-01-08,Scarborough,Approval
CO,2024-01-11,Etobicoke York,Approval
CO,2024-01-12,Etobicoke York,Refuse
MV,2024-01-12,Etobicoke York,Refuse
MV,2024-01-12,Etobicoke York,Refuse
CO,2024-01-19,Toronto East York,Approval
MV,2024-01-23,Toronto East York,Refuse
CO,2024-01-24,Toronto East York,Approval
CO,2024-01-25,Etobicoke York,Approval
CO,2024-01-26,Toronto East York,Approval
CO,2024-02-02,Etobicoke York,Refuse
MV,2024-02-06,Toronto East York,Refuse
MV,2024-02-06,Toronto East York,Refuse
CO,2024-02-06,Scarborough,Approval
MV,2024-02-07,Etobicoke York,Approval
CO,2024-02-07,Etobicoke York,Approval
MV,2024-02-07,Etobicoke York,Approval
CO,2024-02-07,Toronto East York,Approval
CO,2024-02-09,Etobicoke York,Approval
MV,2024-02-13,North York,Refuse
MV,2024-02-14,North York,Refuse
MV,2024-02-14,North York,Refuse
MV,2024-02-14,North York,Refuse
CO,2024-02-15,North York,Refuse
CO,2024-02-15,North York,Refuse
CO,2024-02-21,Scarborough,Approval
CO,2024-02-22,Toronto East York,Approval
MV,2024-02-22,Toronto East York,Refuse
MV,2024-02-22,Scarborough,Approval
MV,2024-02-22,North York,Refuse
MV,2024-02-23,North York,Refuse
MV,2024-02-23,Etobicoke York,Refuse
CO,2024-02-23,Toronto East York,Approval
CO,2024-02-26,Scarborough,Approval
CO,2024-02-26,North York,Approval
CO,2024-02-29,Scarborough,Approval
MV,2024-03-01,Toronto East York,Refuse
MV,2024-03-04,Etobicoke York,Approval
CO,2024-03-05,Toronto East York,Approval
CO,2024-03-06,Toronto East York,Approval
CO,2024-03-06,North York,Approval
CO,2024-03-06,Etobicoke York,Approval
MV,2024-03-06,Toronto East York,Refuse
CO,2024-03-06,Scarborough,Approval
CO,2024-03-11,Toronto East York,Approval
CO,2024-03-12,North York,Approval
CO,2024-03-13,Scarborough,Approval
CO,2024-03-14,Etobicoke York,Approval
MV,2024-03-14,Etobicoke York,Approval
CO,2024-03-15,Toronto East York,Approval
MV,2024-03-15,Etobicoke York,Approval
MV,2024-03-15,Toronto East York,Approval
MV,2024-03-15,Toronto East York,Approval
CO,2024-03-18,Etobicoke York,Approval
MV,2024-03-20,North York,Refuse
CO,2024-03-27,Scarborough,Approval
MV,2024-03-27,Scarborough,Approval
MV,2024-03-27,Scarborough,Approval
CO,2024-03-28,Scarborough,Approval
MV,2024-03-28,Toronto East York,Refuse
CO,2024-04-02,North York,Approval
CO,2024-04-02,North York,Approval
CO,2024-04-02,North York,Approval
CO,2024-04-02,North York,Approval
MV,2024-04-02,Toronto East York,Approval
MV,2024-04-05,Etobicoke York,Refuse
MV,2024-04-05,Etobicoke York,Refuse
CO,2024-04-12,North York,Approval
CO,2024-04-15,Scarborough,Approval
MV,2024-04-15,North York,Refuse
MV,2024-04-15,North York,Refuse
CO,2024-04-15,North York,Refuse
CO,2024-04-16,Scarborough,Approval
CO,2024-04-19,Toronto East York,Approval
CO,2024-04-19,Toronto East York,Approval
CO,2024-04-26,Toronto East York,Approval
CO,2024-05-01,North York,Approval
CO,2024-05-02,Toronto East York,Approval
CO,2024-05-02,Toronto East York,Approval
MV,2024-05-02,Toronto East York,Refuse
MV,2024-05-04,Etobicoke York,Approval
MV,2024-05-07,Toronto East York,Approval
CO,2024-05-07,North York,Approval
MV,2024-05-08,North York,Approval
CO,2024-05-10,Toronto East York,Approval
MV,2024-05-15,Toronto East York,Approval
MV,2024-05-15,North York,Refuse
MV,2024-05-21,Etobicoke York,Refuse
CO,2024-05-21,North York,Refuse
MV,2024-05-21,North York,Refuse
MV,2024-05-21,North York,Refuse
MV,2024-05-22,Etobicoke York,Approval
CO,2024-05-22,North York,Refuse
MV,2024-05-30,Toronto East York,Refuse
MV,2024-06-02,Toronto East York,Refuse
CO,2024-06-05,North York,Approval
CO,2024-06-05,North York,Refuse
MV,2024-06-05,North York,Refuse
MV,2024-06-05,North York,Refuse
MV,2024-06-05,Toronto East York,Approval
CO,2024-06-07,Scarborough,Approval
MV,2024-06-07,Scarborough,Approval
MV,2024-06-07,Etobicoke York,Refuse
CO,2024-06-08,Toronto East York,Approval
MV,2024-06-10,Scarborough,Approval
CO,2024-06-12,Toronto East York,Approval
MV,2024-06-13,Toronto East York,Refuse
MV,2024-06-13,Etobicoke York,Refuse
MV,2024-06-13,North York,Refuse
CO,2024-06-17,Scarborough,Approval
MV,2024-06-17,Scarborough,Approval
CO,2024-06-18,Scarborough,Approval
MV,2024-06-18,Scarborough,Approval
MV,2024-06-18,Scarborough,Approval
CO,2024-06-18,Toronto East York,Approval
MV,2024-06-20,Toronto East York,Approval
MV,2024-06-21,Toronto East York,Approval
CO,2024-06-24,Scarborough,Approval
MV,2024-06-24,Toronto East York,Approval
MV,2024-06-28,Toronto East York,Refuse
MV,2024-07-02,North York,Approval
MV,2024-07-02,Scarborough,Approval
MV,2024-07-02,Etobicoke York,Approval
MV,2024-07-03,Etobicoke York,Refuse
MV,2024-07-06,Etobicoke York,Approval
MV,2024-07-09,Toronto East York,Approval
MV,2024-07-09,Etobicoke York,Refuse
CO,2024-07-09,Toronto East York,Approval
CO,2024-07-09,Toronto East York,Approval
MV,2024-07-10,North York,Approval
MV,2024-07-11,Etobicoke York,Approval
CO,2024-07-18,North York,Refuse
MV,2024-07-18,North York,Refuse
MV,2024-07-18,North York,Refuse
MV,2024-07-19,Scarborough,Approval
MV,2024-07-26,Scarborough,Approval
CO,2024-07-26,Etobicoke York,Approval
CO,2024-07-26,Etobicoke York,Approval
CO,2024-07-29,Toronto East York,Approval
MV,2024-07-29,Toronto East York,Approval
MV,2024-07-29,Toronto East York,Approval
MV,2024-07-31,Toronto East York,Approval
MV,2024-07-31,North York,Approval
MV,2024-08-07,Toronto East York,Approval
MV,2024-08-07,Etobicoke York,Approval
MV,2024-08-07,Toronto East York,Approval
MV,2024-08-08,Toronto East York,Approval
MV,2024-08-09,Toronto East York,Refuse
MV,2024-08-09,Scarborough,Refuse
MV,2024-08-09,Etobicoke York,Refuse
MV,2024-08-09,Etobicoke York,Approval
MV,2024-08-09,Scarborough,Approval
MV,2024-08-12,North York,Refuse
MV,2024-08-12,Scarborough,Refuse
MV,2024-08-13,Toronto East York,Approval
MV,2024-08-14,Scarborough,Approval
MV,2024-08-15,Scarborough,Approval
MV,2024-08-15,Toronto East York,Approval
MV,2024-08-15,Toronto East York,Approval
MV,2024-08-16,Toronto East York,Approval
MV,2024-08-23,North York,Approval
MV,2024-08-23,Toronto East York,Approval
MV,2024-08-26,Etobicoke York,Approval
CO,2024-08-26,Etobicoke York,Approval
MV,2024-08-27,Toronto East York,Approval
MV,2024-08-28,Scarborough,Approval
MV,2024-08-31,Toronto East York,Approval
MV,2024-09-02,Scarborough,Approval
MV,2024-09-04,Etobicoke York,Approval
MV,2024-09-04,Toronto East York,Approval
MV,2024-09-04,Toronto East York,Approval
MV,2024-09-05,Scarborough,Approval
MV,2024-09-06,Scarborough,Approval
MV,2024-09-06,North York,Approval
MV,2024-09-06,Toronto East York,Approval
MV,2024-09-06,Scarborough,Approval
MV,2024-09-06,North York,Refuse
MV,2024-09-09,Toronto East York,Approval
MV,2024-09-09,Scarborough,Approval
MV,2024-09-10,Toronto East York,Approval
MV,2024-09-10,Scarborough,Approval
MV,2024-09-10,North York,Approval
MV,2024-09-10,Toronto East York,Approval
MV,2024-09-10,Scarborough,Approval
MV,2024-09-12,Scarborough,Approval
MV,2024-09-12,Etobicoke York,Approval
MV,2024-09-12,North York,Approval
MV,2024-09-13,North York,Approval
MV,2024-09-13,North York,Approval
MV,2024-09-13,Etobicoke York,Approval
MV,2024-09-13,Scarborough,Approval
MV,2024-09-14,Scarborough,Approval
MV,2024-09-15,North York,Approval
MV,2024-09-16,Toronto East York,Approval
MV,2024-09-16,Etobicoke York,Approval
MV,2024-09-18,Etobicoke York,Approval
MV,2024-09-18,North York,Approval
MV,2024-09-24,North York,Approval
MV,2024-09-24,North York,Approval
MV,2024-09-25,Scarborough,Approval
MV,2024-09-26,North York,Approval
MV,2024-09-26,North York,Approval
MV,2024-09-26,North York,Approval
MV,2024-09-27,Scarborough,Approval
MV,2024-09-27,Etobicoke York,Approval
MV,2024-09-30,North York,Approval
MV,2024-09-30,North York,Approval
MV,2024-09-30,North York,Approval
MV,2024-09-30,Etobicoke York,Approval
MV,2024-10-01,North York,Approval
MV,2024-10-02,North York,Approval
MV,2024-10-03,North York,Approval
MV,2024-10-04,North York,Approval
MV,2024-10-04,North York,Approval
MV,2024-10-04,North York,Approval
MV,2024-10-08,North York,Approval
MV,2024-10-08,North York,Approval
MV,2024-10-10,North York,Approval
MV,2024-10-10,North York,Approval
MV,2024-10-11,North York,Approval
MV,2024-10-11,North York,Approval
MV,2024-10-15,North York,Approval
MV,2024-10-15,North York,Approval
MV,2024-10-16,North York,Approval
MV,2024-10-16,North York,Approval
MV,2024-10-17,North York,Approval
MV,2024-10-17,North York,Approval
MV,2024-10-17,North York,Approval
MV,2024-10-22,North York,Approval
MV,2024-10-22,North York,Approval
